<?xml version="1.0" encoding="UTF-8"?>
<project-private xmlns="http://www.netbeans.org/ns/project-private/1">
    <editor-bookmarks xmlns="http://www.netbeans.org/ns/editor-bookmarks/2" lastBookmarkId="0"/>
    <open-files xmlns="http://www.netbeans.org/ns/projectui-open-files/2">
        <group>
            <file>file:/C:/wamp64/www/whatacart/protected/common/modules/customer/notifications/ChangePasswordEmailNotification.php</file>
            <file>file:/C:/wamp64/www/whatacart/protected/backend/config/bootstrap.php</file>
            <file>file:/C:/wamp64/www/whatacart/protected/common/modules/manufacturer/views/_bulkedit.php</file>
            <file>file:/C:/wamp64/www/whatacart/protected/common/modules/localization/modules/tax/utils/TaxUtil.php</file>
            <file>file:/C:/wamp64/www/whatacart/protected/common/modules/customer/views/front/changepassword.php</file>
            <file>file:/C:/wamp64/www/whatacart/protected/common/modules/catalog/modules/productCategories/views/update.php</file>
            <file>file:/C:/wamp64/www/whatacart/protected/common/modules/cart/views/checkout.php</file>
            <file>file:/C:/wamp64/www/whatacart/protected/common/modules/cart/views/_deliveryoptions.php</file>
            <file>file:/C:/wamp64/www/whatacart/protected/common/modules/localization/modules/tax/views/producttaxclass/index.php</file>
            <file>file:/C:/wamp64/www/whatacart/protected/common/modules/catalog/modules/products/models/ProductSpecial.php</file>
            <file>file:/C:/wamp64/www/whatacart/protected/common/modules/customer/models/Customer.php</file>
            <file>file:/C:/wamp64/www/whatacart/protected/common/modules/localization/modules/stockstatus/views/update.php</file>
            <file>file:/C:/wamp64/www/whatacart/protected/common/modules/manufacturer/views/view.php</file>
            <file>file:/C:/wamp64/www/whatacart/protected/common/modules/catalog/modules/products/views/front/_reviewform.php</file>
            <file>file:/C:/wamp64/www/whatacart/protected/common/modules/customer/views/front/order/_orderhistoryview.php</file>
            <file>file:/C:/wamp64/www/whatacart/protected/common/modules/catalog/modules/products/db/ProductReviewDataManager.php</file>
            <file>file:/C:/wamp64/www/whatacart/protected/common/modules/enhancement/Module.php</file>
            <file>file:/C:/wamp64/www/whatacart/protected/common/modules/cart/models/BillingInfoEditForm.php</file>
            <file>file:/C:/wamp64/www/whatacart/protected/common/modules/localization/modules/tax/business/ZoneManager.php</file>
            <file>file:/C:/wamp64/www/whatacart/protected/common/modules/extension/views/modificationindex.php</file>
            <file>file:/C:/wamp64/www/whatacart/protected/common/modules/catalog/modules/products/views/_assignOptionValuesDummy.php</file>
            <file>file:/C:/wamp64/www/whatacart/protected/common/modules/customer/views/groups/view.php</file>
            <file>file:/C:/wamp64/www/whatacart/protected/common/modules/cart/dto/ReviewDTO.php</file>
            <file>file:/C:/wamp64/www/whatacart/protected/common/modules/customer/views/groups/update.php</file>
            <file>file:/C:/wamp64/www/whatacart/protected/common/modules/catalog/modules/products/traits/WeightTrait.php</file>
            <file>file:/C:/wamp64/www/whatacart/protected/common/modules/dataCategories/models/DataCategory.php</file>
            <file>file:/C:/wamp64/www/whatacart/protected/common/modules/catalog/modules/products/views/detail/_general.php</file>
            <file>file:/C:/wamp64/www/whatacart/protected/common/config/main.php</file>
            <file>file:/C:/wamp64/www/whatacart/protected/common/modules/localization/modules/tax/views/zone/update.php</file>
            <file>file:/C:/wamp64/www/whatacart/protected/common/modules/catalog/modules/products/views/detail/_special.php</file>
            <file>file:/C:/wamp64/www/whatacart/protected/common/modules/catalog/modules/productCategories/controllers/DefaultController.php</file>
            <file>file:/C:/wamp64/www/whatacart/protected/common/modules/customer/db/CustomerMetadataTableBuilder.php</file>
            <file>file:/C:/wamp64/www/whatacart/protected/common/modules/catalog/modules/products/views/productreview/trashindex.php</file>
            <file>file:/C:/wamp64/www/whatacart/protected/common/modules/catalog/modules/productCategories/widgets/CategoryMenuWidget.php</file>
            <file>file:/C:/wamp64/www/whatacart/protected/common/modules/localization/modules/currency/views/_bulkedit.php</file>
            <file>file:/C:/wamp64/www/whatacart/protected/common/modules/customer/db/CustomerTableBuilder.php</file>
            <file>file:/C:/wamp64/www/whatacart/protected/common/modules/dataCategories/views/_form.php</file>
            <file>file:/C:/wamp64/www/whatacart/protected/common/modules/catalog/modules/products/models/ProductImage.php</file>
            <file>file:/C:/wamp64/www/whatacart/protected/common/modules/customer/views/create.php</file>
            <file>file:/C:/wamp64/www/whatacart/protected/common/modules/localization/modules/tax/views/zone/index.php</file>
            <file>file:/C:/wamp64/www/whatacart/protected/common/modules/catalog/modules/products/views/productoption/update.php</file>
            <file>file:/C:/wamp64/www/whatacart/protected/common/modules/customer/config/main.php</file>
            <file>file:/C:/wamp64/www/whatacart/protected/backend/config/salesmenu.php</file>
            <file>file:/C:/wamp64/www/whatacart/protected/common/modules/order/models/AdminConfirmOrderEditForm.php</file>
            <file>file:/C:/wamp64/www/whatacart/protected/common/modules/cms/grid/CmsNameDataColumn.php</file>
            <file>file:/C:/wamp64/www/whatacart/protected/common/modules/localization/modules/orderstatus/models/OrderStatus.php</file>
            <file>file:/C:/wamp64/www/whatacart/protected/common/modules/manufacturer/views/create.php</file>
            <file>file:/C:/wamp64/www/whatacart/protected/common/modules/catalog/modules/products/widgets/PriceWidget.php</file>
            <file>file:/C:/wamp64/www/whatacart/protected/common/modules/order/models/OrderAddressDetails.php</file>
            <file>file:/C:/wamp64/www/whatacart/protected/common/modules/localization/modules/country/db/CountryDataManager.php</file>
            <file>file:/C:/wamp64/www/whatacart/protected/common/modules/customer/dto/FormDTO.php</file>
            <file>file:/C:/wamp64/www/whatacart/protected/common/modules/catalog/modules/products/db/ProductAttributeGroupDataManager.php</file>
            <file>file:/C:/wamp64/www/whatacart/protected/common/modules/marketing/modules/newsletter/views/update.php</file>
            <file>file:/C:/wamp64/www/whatacart/protected/common/modules/cart/views/revieworder.php</file>
            <file>file:/C:/wamp64/www/whatacart/protected/common/modules/order/models/OrderPaymentTransactionMap.php</file>
            <file>file:/C:/wamp64/www/whatacart/protected/common/modules/catalog/modules/products/views/detail/_related.php</file>
            <file>file:/C:/wamp64/www/whatacart/protected/common/modules/localization/modules/city/views/view.php</file>
            <file>file:/C:/wamp64/www/whatacart/protected/common/modules/localization/modules/stockstatus/views/create.php</file>
            <file>file:/C:/wamp64/www/whatacart/protected/common/modules/marketing/modules/newsletter/controllers/DefaultController.php</file>
            <file>file:/C:/wamp64/www/whatacart/protected/common/modules/cart/models/DeliveryOptionsEditForm.php</file>
            <file>file:/C:/wamp64/www/whatacart/protected/common/modules/catalog/modules/products/views/_productDiscountDummy.php</file>
            <file>file:/C:/wamp64/www/whatacart/protected/common/modules/customer/views/groups/create.php</file>
            <file>file:/C:/wamp64/www/whatacart/protected/common/modules/localization/modules/tax/db/ProductTaxClassDataManager.php</file>
            <file>file:/C:/wamp64/www/whatacart/protected/common/modules/customer/db/CustomerDataManager.php</file>
            <file>file:/C:/wamp64/www/whatacart/protected/common/modules/customer/views/view.php</file>
            <file>file:/C:/wamp64/www/whatacart/protected/common/modules/order/models/Invoice.php</file>
            <file>file:/C:/wamp64/www/whatacart/protected/common/modules/cms/views/index.php</file>
            <file>file:/C:/wamp64/www/whatacart/protected/backend/config/params.php</file>
            <file>file:/C:/wamp64/www/whatacart/protected/common/modules/catalog/modules/products/utils/ProductUtil.php</file>
            <file>file:/C:/wamp64/www/whatacart/protected/common/modules/dataCategories/views/create.php</file>
            <file>file:/C:/wamp64/www/whatacart/protected/common/modules/catalog/modules/productCategories/views/create.php</file>
            <file>file:/C:/wamp64/www/whatacart/protected/common/modules/manufacturer/config/menu.php</file>
            <file>file:/C:/wamp64/www/whatacart/protected/common/modules/catalog/modules/productCategories/db/ProductCategoriesDataManager.php</file>
            <file>file:/C:/wamp64/www/whatacart/protected/common/modules/cms/db/PageDataManager.php</file>
            <file>file:/C:/wamp64/www/whatacart/protected/common/modules/localization/modules/tax/views/zone/create.php</file>
            <file>file:/C:/wamp64/www/whatacart/protected/common/modules/customer/models/CustomerGroup.php</file>
            <file>file:/C:/wamp64/www/whatacart/protected/common/modules/stores/config/menu.php</file>
            <file>file:/C:/wamp64/www/whatacart/protected/common/modules/catalog/modules/products/models/ProductDiscount.php</file>
            <file>file:/C:/wamp64/www/whatacart/protected/common/modules/manufacturer/controllers/SiteController.php</file>
            <file>file:/C:/wamp64/www/whatacart/protected/common/modules/catalog/modules/products/models/ProductDownloadSearch.php</file>
            <file>file:/C:/wamp64/www/whatacart/protected/common/modules/localization/modules/stockstatus/views/_form.php</file>
            <file>file:/C:/wamp64/www/whatacart/protected/common/modules/dataCategories/db/DataCategoriesDataManager.php</file>
            <file>file:/C:/wamp64/www/whatacart/protected/common/modules/catalog/modules/products/views/front/_productitem.php</file>
            <file>file:/C:/wamp64/www/whatacart/protected/common/modules/cart/behaviors/CartSubViewBehavior.php</file>
            <file>file:/C:/wamp64/www/whatacart/protected/common/modules/customer/views/changepassword.php</file>
            <file>file:/C:/wamp64/www/whatacart/protected/backend/config/main.php</file>
            <file>file:/C:/wamp64/www/whatacart/protected/common/modules/order/models/CustomerForm.php</file>
            <file>file:/C:/wamp64/www/whatacart/protected/common/modules/localization/modules/tax/models/Zone.php</file>
            <file>file:/C:/wamp64/www/whatacart/protected/common/modules/catalog/modules/products/utils/DownloadUtil.php</file>
            <file>file:/C:/wamp64/www/whatacart/protected/common/modules/localization/modules/lengthclass/views/_form.php</file>
            <file>file:/C:/wamp64/www/whatacart/protected/common/modules/catalog/modules/products/models/ProductAttributeMapping.php</file>
            <file>file:/C:/wamp64/www/whatacart/protected/common/modules/catalog/modules/products/models/ProductOptionMapping.php</file>
            <file>file:/C:/wamp64/www/whatacart/protected/common/modules/localization/modules/lengthclass/views/update.php</file>
            <file>file:/C:/wamp64/www/whatacart/protected/common/modules/catalog/modules/productCategories/views/index.php</file>
            <file>file:/C:/wamp64/www/whatacart/protected/common/modules/catalog/modules/products/views/attributegroup/create.php</file>
            <file>file:/C:/wamp64/www/whatacart/protected/common/modules/catalog/modules/products/views/attributegroup/update.php</file>
            <file>file:/C:/wamp64/www/whatacart/protected/common/modules/cart/views/_shippingedit.php</file>
            <file>file:/C:/wamp64/www/whatacart/protected/common/modules/catalog/modules/productCategories/models/ProductCategoryTranslated.php</file>
            <file>file:/C:/wamp64/www/whatacart/protected/common/modules/localization/modules/city/views/_form.php</file>
            <file>file:/C:/wamp64/www/whatacart/protected/common/modules/cms/db/PageTranslatedTableBuilder.php</file>
            <file>file:/C:/wamp64/www/whatacart/protected/common/modules/customer/models/CustomerMetadata.php</file>
            <file>file:/C:/wamp64/www/whatacart/protected/common/modules/localization/modules/country/views/view.php</file>
            <file>file:/C:/wamp64/www/whatacart/protected/common/modules/localization/modules/weightclass/views/update.php</file>
            <file>file:/C:/wamp64/www/whatacart/protected/common/modules/catalog/modules/products/traits/DownloadTrait.php</file>
            <file>file:/C:/wamp64/www/whatacart/protected/common/modules/localization/modules/tax/views/producttaxclass/update.php</file>
            <file>file:/C:/wamp64/www/whatacart/protected/common/modules/cms/views/_form.php</file>
            <file>file:/C:/wamp64/www/whatacart/protected/common/modules/catalog/modules/products/views/productattribute/view.php</file>
            <file>file:/C:/wamp64/www/whatacart/protected/common/modules/localization/modules/country/views/index.php</file>
            <file>file:/C:/wamp64/www/whatacart/protected/common/modules/cms/dto/FormDTO.php</file>
            <file>file:/C:/wamp64/www/whatacart/protected/common/modules/localization/modules/weightclass/views/create.php</file>
            <file>file:/C:/wamp64/www/whatacart/protected/common/config/moduleconfig.php</file>
            <file>file:/C:/wamp64/www/whatacart/protected/common/modules/localization/modules/state/models/State.php</file>
            <file>file:/C:/wamp64/www/whatacart/protected/backend/config/params-local.php</file>
            <file>file:/C:/wamp64/www/whatacart/protected/common/db/AuthDataManager.php</file>
            <file>file:/C:/wamp64/www/whatacart/protected/common/modules/order/models/Order.php</file>
            <file>file:/C:/wamp64/www/whatacart/protected/common/modules/marketing/modules/newsletter/views/index.php</file>
            <file>file:/C:/wamp64/www/whatacart/protected/common/modules/cms/controllers/SiteController.php</file>
            <file>file:/C:/wamp64/www/whatacart/protected/common/modules/catalog/modules/products/models/ProductRating.php</file>
            <file>file:/C:/wamp64/www/whatacart/protected/common/modules/localization/modules/tax/views/taxrule/index.php</file>
            <file>file:/C:/wamp64/www/whatacart/protected/common/modules/catalog/modules/productCategories/views/_form.php</file>
            <file>file:/C:/wamp64/www/whatacart/protected/common/modules/catalog/modules/products/traits/DimensionTrait.php</file>
            <file>file:/C:/wamp64/www/whatacart/protected/common/modules/cart/dto/CartDTO.php</file>
            <file>file:/C:/wamp64/www/whatacart/protected/common/modules/localization/modules/lengthclass/views/create.php</file>
            <file>file:/C:/wamp64/www/whatacart/protected/common/modules/localization/modules/currency/views/index.php</file>
            <file>file:/C:/wamp64/www/whatacart/protected/common/modules/customer/models/LatestCustomerSearch.php</file>
            <file>file:/C:/wamp64/www/whatacart/protected/common/models/ShippingAddress.php</file>
            <file>file:/C:/wamp64/www/whatacart/protected/common/modules/marketing/db/MarketingDataManager.php</file>
            <file>file:/C:/wamp64/www/whatacart/protected/common/modules/localization/modules/weightclass/db/WeightClassDataManager.php</file>
            <file>file:/C:/wamp64/www/whatacart/protected/common/modules/catalog/modules/products/utils/ReviewUtil.php</file>
            <file>file:/C:/wamp64/www/whatacart/protected/common/modules/catalog/modules/products/views/productdownloads/update.php</file>
            <file>file:/C:/wamp64/www/whatacart/protected/common/modules/catalog/modules/products/widgets/ReviewListView.php</file>
            <file>file:/C:/wamp64/www/whatacart/protected/common/modules/localization/modules/state/views/_form.php</file>
            <file>file:/C:/wamp64/www/whatacart/protected/common/modules/cms/controllers/PageController.php</file>
            <file>file:/C:/wamp64/www/whatacart/protected/common/modules/customer/models/CustomerOnline.php</file>
            <file>file:/C:/wamp64/www/whatacart/protected/common/modules/cart/views/completeorder.php</file>
            <file>file:/C:/wamp64/www/whatacart/protected/common/modules/catalog/config/init.php</file>
            <file>file:/C:/wamp64/www/whatacart/protected/backend/config/main-local.php</file>
            <file>file:/C:/wamp64/www/whatacart/protected/common/modules/catalog/modules/products/views/productoption/index.php</file>
            <file>file:/C:/wamp64/www/whatacart/protected/common/modules/customer/views/front/_sidebar.php</file>
            <file>file:/C:/wamp64/www/whatacart/protected/common/modules/catalog/modules/products/views/front/compareview.php</file>
            <file>file:/C:/wamp64/www/whatacart/protected/common/modules/cart/widgets/CartSubView.php</file>
            <file>file:/C:/wamp64/www/whatacart/protected/backend/views/site/_sidenav.php</file>
            <file>file:/C:/wamp64/www/whatacart/protected/backend/components/ExtendedTaggable.php</file>
            <file>file:/C:/wamp64/www/whatacart/protected/common/modules/marketing/views/sendmail.php</file>
            <file>file:/C:/wamp64/www/whatacart/protected/common/modules/catalog/modules/products/views/_assignOptionValues.php</file>
            <file>file:/C:/wamp64/www/whatacart/protected/common/modules/customer/models/CustomerActivity.php</file>
            <file>file:/C:/wamp64/www/whatacart/protected/common/modules/cms/grid/StatusDataColumn.php</file>
            <file>file:/C:/wamp64/www/whatacart/protected/common/modules/customer/models/LoginForm.php</file>
            <file>file:/C:/wamp64/www/whatacart/protected/common/modules/catalog/modules/products/grid/MyDownloadsActionColumn.php</file>
            <file>file:/C:/wamp64/www/whatacart/protected/common/modules/marketing/modules/newsletter/views/front/sendnewsletter.php</file>
            <file>file:/C:/wamp64/www/whatacart/protected/common/modules/catalog/modules/products/views/productattribute/index.php</file>
            <file>file:/C:/wamp64/www/whatacart/protected/common/modules/customer/db/CustomerActivityTableBuilder.php</file>
            <file>file:/C:/wamp64/www/whatacart/protected/common/modules/cart/views/_confirmitem.php</file>
            <file>file:/C:/wamp64/www/whatacart/protected/common/modules/catalog/modules/products/models/ProductReview.php</file>
            <file>file:/C:/wamp64/www/whatacart/protected/backend/widgets/StoreSelector.php</file>
            <file>file:/C:/wamp64/www/whatacart/protected/common/modules/catalog/modules/products/grid/ProductActionColumn.php</file>
            <file>file:/C:/wamp64/www/whatacart/protected/common/modules/customer/business/Manager.php</file>
            <file>file:/C:/wamp64/www/whatacart/protected/backend/views/layouts/main.php</file>
            <file>file:/C:/wamp64/www/whatacart/protected/common/modules/order/models/OrderPaymentDetails.php</file>
            <file>file:/C:/wamp64/www/whatacart/protected/common/modules/catalog/modules/products/views/assignOptionEdit.php</file>
            <file>file:/C:/wamp64/www/whatacart/protected/common/config/instance.install.php</file>
            <file>file:/C:/wamp64/www/whatacart/protected/common/modules/marketing/modules/newsletter/views/create.php</file>
            <file>file:/C:/wamp64/www/whatacart/protected/common/modules/catalog/modules/products/views/front/searchbytagview.php</file>
            <file>file:/C:/wamp64/www/whatacart/protected/common/modules/customer/models/CustomerGroupSearch.php</file>
            <file>file:/C:/wamp64/www/whatacart/protected/common/modules/customer/grid/CustomerActionColumn.php</file>
            <file>file:/C:/wamp64/www/whatacart/protected/common/modules/cms/dto/GridViewDTO.php</file>
            <file>file:/C:/wamp64/www/whatacart/protected/common/modules/catalog/modules/productCategories/dto/ProductCategoryListViewDTO.php</file>
            <file>file:/C:/wamp64/www/whatacart/protected/common/modules/customer/views/update.php</file>
            <file>file:/C:/wamp64/www/whatacart/protected/common/modules/cms/widgets/StatusLabel.php</file>
            <file>file:/C:/wamp64/www/whatacart/protected/common/modules/customer/business/GroupManager.php</file>
            <file>file:/C:/wamp64/www/whatacart/protected/backend/views/site/_modalpreview.php</file>
            <file>file:/C:/wamp64/www/whatacart/protected/common/modules/extension/grid/ExtensionActionColumn.php</file>
            <file>file:/C:/wamp64/www/whatacart/protected/common/modules/cart/business/Manager.php</file>
            <file>file:/C:/wamp64/www/whatacart/protected/common/modules/catalog/modules/products/views/productdownloads/_form.php</file>
            <file>file:/C:/wamp64/www/whatacart/protected/common/modules/cart/models/AdminCart.php</file>
            <file>file:/C:/wamp64/www/whatacart/protected/common/modules/customer/views/front/myaccount.php</file>
            <file>file:/C:/wamp64/www/whatacart/protected/common/modules/enhancement/views/index.php</file>
            <file>file:/C:/wamp64/www/whatacart/protected/common/modules/order/business/PaymentManager.php</file>
            <file>file:/C:/wamp64/www/whatacart/protected/common/modules/localization/modules/tax/db/ZoneDataManager.php</file>
            <file>file:/C:/wamp64/www/whatacart/protected/common/modules/catalog/modules/products/views/attributegroup/index.php</file>
            <file>file:/C:/wamp64/www/whatacart/protected/common/modules/localization/modules/tax/views/producttaxclass/view.php</file>
            <file>file:/C:/wamp64/www/whatacart/protected/common/modules/localization/modules/orderstatus/views/update.php</file>
            <file>file:/C:/wamp64/www/whatacart/protected/common/modules/catalog/modules/productCategories/web/actions/DeleteAction.php</file>
            <file>file:/C:/wamp64/www/whatacart/protected/common/modules/customer/controllers/SiteController.php</file>
            <file>file:/C:/wamp64/www/whatacart/protected/common/modules/catalog/modules/products/db/ProductsDataManager.php</file>
            <file>file:/C:/wamp64/www/whatacart/protected/common/modules/catalog/modules/products/views/productattribute/update.php</file>
            <file>file:/C:/wamp64/www/whatacart/protected/common/modules/localization/modules/lengthclass/views/view.php</file>
            <file>file:/C:/wamp64/www/whatacart/protected/backend/components/Customer.php</file>
            <file>file:/C:/wamp64/www/whatacart/protected/common/modules/cart/widgets/HeaderCartSubView.php</file>
            <file>file:/C:/wamp64/www/whatacart/protected/common/modules/cart/widgets/SiteCartSubView.php</file>
            <file>file:/C:/wamp64/www/whatacart/protected/common/modules/manufacturer/business/Manager.php</file>
            <file>file:/C:/wamp64/www/whatacart/protected/common/modules/customer/views/front/registration.php</file>
            <file>file:/C:/wamp64/www/whatacart/protected/common/modules/catalog/modules/productCategories/models/ProductCategory.php</file>
            <file>file:/C:/wamp64/www/whatacart/protected/backend/views/error.php</file>
            <file>file:/C:/wamp64/www/whatacart/protected/common/modules/order/models/AdminSelectPaymentMethodForm.php</file>
            <file>file:/C:/wamp64/www/whatacart/protected/common/modules/localization/config/menu.php</file>
            <file>file:/C:/wamp64/www/whatacart/protected/common/modules/catalog/modules/products/views/assignAttributeEdit.php</file>
            <file>file:/C:/wamp64/www/whatacart/protected/common/modules/extension/views/extensionindex.php</file>
            <file>file:/C:/wamp64/www/whatacart/protected/common/modules/localization/modules/orderstatus/views/_form.php</file>
            <file>file:/C:/wamp64/www/whatacart/protected/common/modules/customer/dao/CustomerDAO.php</file>
            <file>file:/C:/wamp64/www/whatacart/protected/common/modules/localization/modules/tax/business/TaxRuleManager.php</file>
            <file>file:/C:/wamp64/www/whatacart/protected/common/modules/marketing/modules/newsletter/models/NewsletterCustomers.php</file>
            <file>file:/C:/wamp64/www/whatacart/protected/common/modules/customer/views/groups/_form.php</file>
            <file>file:/C:/wamp64/www/whatacart/protected/common/modules/catalog/modules/products/models/ProductOptionMappingDetails.php</file>
            <file>file:/C:/wamp64/www/whatacart/protected/common/modules/cart/models/PaymentMethodEditForm.php</file>
            <file>file:/C:/wamp64/www/whatacart/protected/common/modules/customer/views/front/forgotpassword.php</file>
            <file>file:/C:/wamp64/www/whatacart/protected/common/modules/localization/modules/state/views/_bulkedit.php</file>
            <file>file:/C:/wamp64/www/whatacart/protected/common/modules/order/controllers/DefaultController.php</file>
            <file>file:/C:/wamp64/www/whatacart/protected/common/modules/localization/modules/state/views/update.php</file>
            <file>file:/C:/wamp64/www/whatacart/protected/common/modules/catalog/modules/products/models/ProductAttribute.php</file>
            <file>file:/C:/wamp64/www/whatacart/protected/common/modules/catalog/modules/products/models/ProductDownload.php</file>
            <file>file:/C:/wamp64/www/whatacart/protected/common/modules/catalog/modules/products/views/detail/_discount.php</file>
            <file>file:/C:/wamp64/www/whatacart/protected/common/modules/catalog/modules/products/views/detail/_data.php</file>
            <file>file:/C:/wamp64/www/whatacart/protected/common/modules/localization/modules/weightclass/views/index.php</file>
            <file>file:/C:/wamp64/www/whatacart/protected/common/modules/catalog/modules/productCategories/db/ProductCategoryTranslatedTableBuilder.php</file>
            <file>file:/C:/wamp64/www/whatacart/protected/common/modules/customer/notifications/NewCustomerEmailNotification.php</file>
            <file>file:/C:/wamp64/www/whatacart/protected/common/modules/catalog/modules/productCategories/config/main.php</file>
            <file>file:/C:/wamp64/www/whatacart/protected/common/modules/cart/business/CheckoutManager.php</file>
            <file>file:/C:/wamp64/www/whatacart/protected/frontend/models/SearchForm.php</file>
            <file>file:/C:/wamp64/www/whatacart/protected/common/modules/customer/controllers/GroupController.php</file>
            <file>file:/C:/wamp64/www/whatacart/protected/common/modules/localization/modules/state/db/StateDataManager.php</file>
            <file>file:/C:/wamp64/www/whatacart/protected/common/modules/localization/modules/weightclass/views/view.php</file>
            <file>file:/C:/wamp64/www/whatacart/protected/common/modules/localization/modules/city/views/update.php</file>
            <file>file:/C:/wamp64/www/whatacart/protected/common/modules/localization/modules/country/views/update.php</file>
            <file>file:/C:/wamp64/www/whatacart/protected/backend/config/moduleconfig.php</file>
            <file>file:/C:/wamp64/www/whatacart/protected/backend/views/site/_footer.php</file>
            <file>file:/C:/wamp64/www/whatacart/protected/common/modules/cms/views/front/page.php</file>
            <file>file:/C:/wamp64/www/whatacart/protected/common/modules/catalog/modules/productCategories/business/Manager.php</file>
            <file>file:/C:/wamp64/www/whatacart/protected/common/modules/catalog/modules/productCategories/models/ProductCategorySearch.php</file>
            <file>file:/C:/wamp64/www/whatacart/protected/common/modules/cart/Module.php</file>
            <file>file:/C:/wamp64/www/whatacart/protected/common/modules/cart/models/Cart.php</file>
            <file>file:/C:/wamp64/www/whatacart/protected/common/modules/cart/models/DeliveryInfoEditForm.php</file>
            <file>file:/C:/wamp64/www/whatacart/protected/common/modules/customer/views/front/_loginform.php</file>
            <file>file:/C:/wamp64/www/whatacart/protected/common/modules/catalog/modules/products/models/Tag.php</file>
            <file>file:/C:/wamp64/www/whatacart/protected/common/modules/customer/controllers/DefaultController.php</file>
            <file>file:/C:/wamp64/www/whatacart/protected/common/modules/catalog/modules/products/views/attributegroup/view.php</file>
            <file>file:/C:/wamp64/www/whatacart/protected/common/modules/catalog/modules/products/db/ProductOptionDataManager.php</file>
            <file>file:/C:/wamp64/www/whatacart/protected/common/modules/manufacturer/views/front/searchview.php</file>
            <file>file:/C:/wamp64/www/whatacart/protected/common/modules/cms/views/create.php</file>
            <file>file:/C:/wamp64/www/whatacart/protected/common/modules/localization/modules/tax/models/TaxRuleDetails.php</file>
            <file>file:/C:/wamp64/www/whatacart/index.php</file>
            <file>file:/C:/wamp64/www/whatacart/protected/common/modules/cms/business/Manager.php</file>
            <file>file:/C:/wamp64/www/whatacart/protected/common/modules/customer/views/front/order/myorders.php</file>
            <file>file:/C:/wamp64/www/whatacart/protected/common/modules/cart/config/init.php</file>
            <file>file:/C:/wamp64/www/whatacart/protected/common/modules/customer/services/NotificationService.php</file>
            <file>file:/C:/wamp64/www/whatacart/protected/common/modules/catalog/modules/products/models/ProductOptionSearch.php</file>
            <file>file:/C:/wamp64/www/whatacart/protected/common/modules/localization/modules/state/views/view.php</file>
            <file>file:/C:/wamp64/www/whatacart/protected/common/modules/localization/modules/orderstatus/views/create.php</file>
            <file>file:/C:/wamp64/www/whatacart/protected/common/modules/localization/modules/tax/views/taxrule/view.php</file>
            <file>file:/C:/wamp64/www/whatacart/protected/common/modules/customer/views/_bulkedit.php</file>
            <file>file:/C:/wamp64/www/whatacart/protected/common/modules/catalog/modules/products/views/detail/_images.php</file>
            <file>file:/C:/wamp64/www/whatacart/protected/common/modules/order/business/InvoiceManager.php</file>
            <file>file:/C:/wamp64/www/whatacart/protected/common/modules/cms/models/PageTranslated.php</file>
            <file>file:/C:/wamp64/www/whatacart/protected/common/modules/catalog/modules/products/business/DownloadManager.php</file>
            <file>file:/C:/wamp64/www/whatacart/protected/common/modules/localization/modules/stockstatus/views/view.php</file>
            <file>file:/C:/wamp64/www/whatacart/protected/common/modules/localization/modules/stockstatus/db/StockStatusDataManager.php</file>
            <file>file:/C:/wamp64/www/whatacart/protected/common/modules/localization/modules/stockstatus/models/StockStatus.php</file>
            <file>file:/C:/wamp64/www/whatacart/protected/backend/views/layouts/login.php</file>
            <file>file:/C:/wamp64/www/whatacart/protected/common/modules/cart/views/_paymentoptions.php</file>
            <file>file:/C:/wamp64/www/whatacart/protected/common/modules/dataCategories/config/menu.php</file>
            <file>file:/C:/wamp64/www/whatacart/protected/common/modules/catalog/modules/products/views/_imageedit.php</file>
            <file>file:/C:/wamp64/www/whatacart/protected/common/modules/customer/utils/CustomerUtil.php</file>
            <file>file:/C:/wamp64/www/whatacart/protected/common/modules/localization/modules/currency/views/view.php</file>
            <file>file:/C:/wamp64/www/whatacart/protected/backend/widgets/LanguageSelector.php</file>
            <file>file:/C:/wamp64/www/whatacart/protected/common/modules/cart/behaviors/CheckoutManagerBehavior.php</file>
            <file>file:/C:/wamp64/www/whatacart/protected/common/modules/localization/modules/currency/models/Currency.php</file>
            <file>file:/C:/wamp64/www/whatacart/protected/common/modules/marketing/Module.php</file>
            <file>file:/C:/wamp64/www/whatacart/protected/common/modules/catalog/modules/products/views/productattribute/_form.php</file>
            <file>file:/C:/wamp64/www/whatacart/protected/common/modules/catalog/modules/products/views/_specialedit.php</file>
            <file>file:/C:/wamp64/www/whatacart/protected/common/modules/manufacturer/models/Manufacturer.php</file>
            <file>file:/C:/wamp64/www/whatacart/protected/common/modules/localization/modules/tax/models/ZoneSearch.php</file>
            <file>file:/C:/wamp64/www/whatacart/protected/common/modules/localization/modules/currency/views/create.php</file>
            <file>file:/C:/wamp64/www/whatacart/protected/common/modules/cart/views/_confirmorderbuttons.php</file>
            <file>file:/C:/wamp64/www/whatacart/protected/common/modules/localization/modules/tax/views/zone/_form.php</file>
            <file>file:/C:/wamp64/www/whatacart/protected/common/modules/localization/modules/currency/views/_form.php</file>
            <file>file:/C:/wamp64/www/whatacart/protected/common/modules/catalog/config/menu.php</file>
            <file>file:/C:/wamp64/www/whatacart/protected/common/modules/customer/views/_latestcustomersgrid.php</file>
            <file>file:/C:/wamp64/www/whatacart/protected/common/modules/localization/modules/currency/views/update.php</file>
            <file>file:/C:/wamp64/www/whatacart/protected/common/modules/catalog/modules/products/views/productoption/view.php</file>
            <file>file:/C:/wamp64/www/whatacart/protected/common/modules/marketing/modules/newsletter/utils/NewsletterUtil.php</file>
            <file>file:/C:/wamp64/www/whatacart/protected/common/modules/localization/modules/orderstatus/views/view.php</file>
            <file>file:/C:/wamp64/www/whatacart/protected/common/modules/catalog/modules/products/views/_tabform.php</file>
            <file>file:/C:/wamp64/www/whatacart/protected/common/modules/catalog/modules/products/business/Manager.php</file>
            <file>file:/C:/wamp64/www/whatacart/protected/common/modules/cart/views/view.php</file>
            <file>file:/C:/wamp64/www/whatacart/protected/common/modules/customer/email/_newCustomer.php</file>
            <file>file:/C:/wamp64/www/whatacart/protected/common/modules/catalog/modules/products/widgets/DownloadDetailActionToolbar.php</file>
            <file>file:/C:/wamp64/www/whatacart/protected/common/modules/localization/modules/tax/db/TaxRuleDataManager.php</file>
            <file>file:/C:/wamp64/www/whatacart/protected/common/modules/localization/modules/tax/views/producttaxclass/create.php</file>
            <file>file:/C:/wamp64/www/whatacart/protected/common/modules/marketing/config/menu.php</file>
            <file>file:/C:/wamp64/www/whatacart/protected/common/modules/catalog/config/main.php</file>
            <file>file:/C:/wamp64/www/whatacart/protected/common/modules/catalog/modules/products/views/productdownloads/create.php</file>
            <file>file:/C:/wamp64/www/whatacart/protected/common/modules/marketing/modules/newsletter/db/NewsletterDataManager.php</file>
            <file>file:/C:/wamp64/www/whatacart/protected/common/modules/localization/modules/country/models/Country.php</file>
            <file>file:/C:/wamp64/www/whatacart/protected/common/modules/catalog/modules/productCategories/grid/ProductCategoryNameDataColumn.php</file>
            <file>file:/C:/wamp64/www/whatacart/protected/common/modules/customer/views/front/login.php</file>
            <file>file:/C:/wamp64/www/whatacart/protected/common/modules/catalog/modules/products/controllers/SiteController.php</file>
            <file>file:/C:/wamp64/www/whatacart/protected/common/modules/localization/modules/country/business/Manager.php</file>
            <file>file:/C:/wamp64/www/whatacart/protected/common/modules/cms/views/_bulkedit.php</file>
            <file>file:/C:/wamp64/www/whatacart/protected/common/modules/catalog/modules/products/views/create.php</file>
            <file>file:/C:/wamp64/www/whatacart/protected/common/modules/catalog/modules/products/views/front/view.php</file>
            <file>file:/C:/wamp64/www/whatacart/protected/common/modules/customer/views/front/order/view.php</file>
            <file>file:/C:/wamp64/www/whatacart/protected/common/modules/customer/Module.php</file>
            <file>file:/C:/wamp64/www/whatacart/protected/common/modules/dataCategories/views/view.php</file>
            <file>file:/C:/wamp64/www/whatacart/protected/common/modules/order/models/OrderHistory.php</file>
            <file>file:/C:/wamp64/www/whatacart/protected/common/modules/customer/business/SiteManager.php</file>
            <file>file:/C:/wamp64/www/whatacart/protected/common/modules/customer/models/ForgotPasswordForm.php</file>
            <file>file:/C:/wamp64/www/whatacart/protected/common/modules/cart/views/_cartbuttons.php</file>
            <file>file:/C:/wamp64/www/whatacart/protected/common/modules/localization/modules/stockstatus/views/index.php</file>
            <file>file:/C:/wamp64/www/whatacart/protected/common/modules/cms/models/Page.php</file>
            <file>file:/C:/wamp64/www/whatacart/protected/common/modules/customer/views/front/order/_generalview.php</file>
            <file>file:/C:/wamp64/www/whatacart/protected/common/modules/localization/modules/lengthclass/models/LengthClass.php</file>
            <file>file:/C:/wamp64/www/whatacart/protected/common/modules/customer/services/SiteNotificationService.php</file>
            <file>file:/C:/wamp64/www/whatacart/protected/common/modules/customer/views/front/mydownloads.php</file>
            <file>file:/C:/wamp64/www/whatacart/protected/common/modules/cart/views/_termsmodal.php</file>
            <file>file:/C:/wamp64/www/whatacart/protected/common/modules/catalog/modules/productCategories/config/menu.php</file>
            <file>file:/C:/wamp64/www/whatacart/protected/common/modules/cart/views/_item.php</file>
            <file>file:/C:/wamp64/www/whatacart/protected/common/modules/localization/modules/lengthclass/views/index.php</file>
            <file>file:/C:/wamp64/www/whatacart/protected/common/modules/extension/views/moduleindex.php</file>
            <file>file:/C:/wamp64/www/whatacart/protected/common/modules/marketing/controllers/SendMailController.php</file>
            <file>file:/C:/wamp64/www/whatacart/protected/common/modules/cart/widgets/ConfirmCartSubView.php</file>
            <file>file:/C:/wamp64/www/whatacart/protected/common/modules/manufacturer/views/_form.php</file>
            <file>file:/C:/wamp64/www/whatacart/protected/common/modules/localization/modules/city/views/index.php</file>
            <file>file:/C:/wamp64/www/whatacart/protected/common/modules/localization/modules/country/views/_form.php</file>
            <file>file:/C:/wamp64/www/whatacart/protected/common/modules/customer/db/CustomerOnlineTableBuilder.php</file>
            <file>file:/C:/wamp64/www/whatacart/protected/backend/views/install/welcome.php</file>
            <file>file:/C:/wamp64/www/whatacart/protected/common/modules/localization/modules/tax/views/taxrule/create.php</file>
            <file>file:/C:/wamp64/www/whatacart/protected/common/modules/extension/Module.php</file>
            <file>file:/C:/wamp64/www/whatacart/protected/common/modules/manufacturer/views/index.php</file>
            <file>file:/C:/wamp64/www/whatacart/protected/common/modules/catalog/modules/productCategories/dto/FormDTO.php</file>
            <file>file:/C:/wamp64/www/whatacart/protected/common/modules/cart/controllers/DefaultController.php</file>
            <file>file:/C:/wamp64/www/whatacart/protected/common/modules/catalog/modules/products/widgets/InputRatingSubView.php</file>
            <file>file:/C:/wamp64/www/whatacart/protected/common/modules/order/views/_latestordersgrid.php</file>
            <file>file:/C:/wamp64/www/whatacart/protected/common/modules/catalog/modules/products/views/view.php</file>
            <file>file:/C:/wamp64/www/whatacart/protected/common/modules/localization/modules/tax/views/taxrule/update.php</file>
            <file>file:/C:/wamp64/www/whatacart/protected/common/modules/cms/config/menu.php</file>
            <file>file:/C:/wamp64/www/whatacart/protected/common/modules/cms/utils/DropdownUtil.php</file>
            <file>file:/C:/wamp64/www/whatacart/protected/common/modules/localization/modules/tax/models/TaxRule.php</file>
            <file>file:/C:/wamp64/www/whatacart/protected/common/modules/catalog/modules/productCategories/db/TableManager.php</file>
            <file>file:/C:/wamp64/www/whatacart/protected/common/modules/cms/Module.php</file>
            <file>file:/C:/wamp64/www/whatacart/protected/common/modules/marketing/modules/newsletter/grid/ActionToolbar.php</file>
            <file>file:/C:/wamp64/www/whatacart/protected/common/modules/catalog/modules/products/grid/ProductReviewActionToolbar.php</file>
            <file>file:/C:/wamp64/www/whatacart/protected/common/modules/catalog/modules/products/views/_manageAttributes.php</file>
            <file>file:/C:/wamp64/www/whatacart/protected/common/modules/catalog/modules/productCategories/views/front/view.php</file>
            <file>file:/C:/wamp64/www/whatacart/protected/common/modules/marketing/modules/newsletter/views/_form.php</file>
            <file>file:/C:/wamp64/www/whatacart/protected/common/modules/catalog/modules/productCategories/views/view.php</file>
            <file>file:/C:/wamp64/www/whatacart/protected/common/modules/localization/modules/tax/views/taxrule/_form.php</file>
            <file>file:/C:/wamp64/www/whatacart/protected/common/modules/dataCategories/views/update.php</file>
            <file>file:/C:/wamp64/www/whatacart/protected/common/config/instance.install.sample.php</file>
            <file>file:/C:/wamp64/www/whatacart/protected/common/modules/catalog/modules/productCategories/views/front/_sidebar.php</file>
            <file>file:/C:/wamp64/www/whatacart/protected/common/modules/catalog/modules/products/behaviors/ProductBehavior.php</file>
            <file>file:/C:/wamp64/www/whatacart/protected/common/modules/catalog/modules/products/models/ProductOption.php</file>
            <file>file:/C:/wamp64/www/whatacart/protected/common/modules/catalog/modules/products/views/_bulkedit.php</file>
            <file>file:/C:/wamp64/www/whatacart/protected/common/modules/localization/modules/state/business/Manager.php</file>
            <file>file:/C:/wamp64/www/whatacart/protected/common/modules/catalog/modules/products/views/_manageOptionValuesSubView.php</file>
            <file>file:/C:/wamp64/www/whatacart/protected/common/modules/order/db/OrderDataManager.php</file>
            <file>file:/C:/wamp64/www/whatacart/protected/common/modules/localization/modules/tax/models/ProductTaxClass.php</file>
            <file>file:/C:/wamp64/www/whatacart/protected/common/modules/catalog/modules/products/business/ProductOptionManager.php</file>
            <file>file:/C:/wamp64/www/whatacart/protected/common/modules/catalog/modules/products/models/Product.php</file>
            <file>file:/C:/wamp64/www/whatacart/protected/common/modules/cms/dao/PageDAO.php</file>
            <file>file:/C:/wamp64/www/whatacart/protected/backend/web/Application.php</file>
            <file>file:/C:/wamp64/www/whatacart/protected/common/modules/catalog/Module.php</file>
            <file>file:/C:/wamp64/www/whatacart/protected/common/modules/localization/modules/city/models/City.php</file>
            <file>file:/C:/wamp64/www/whatacart/protected/common/modules/catalog/modules/products/views/update.php</file>
            <file>file:/C:/wamp64/www/whatacart/protected/common/modules/catalog/modules/products/views/productdownloads/view.php</file>
            <file>file:/C:/wamp64/www/whatacart/protected/common/modules/localization/modules/currency/db/CurrencyDataManager.php</file>
            <file>file:/C:/wamp64/www/whatacart/protected/common/modules/catalog/modules/products/db/ProductAttributeDataManager.php</file>
            <file>file:/C:/wamp64/www/whatacart/protected/common/modules/cart/views/_billingedit.php</file>
            <file>file:/C:/wamp64/www/whatacart/protected/common/modules/customer/db/TableManager.php</file>
            <file>file:/C:/wamp64/www/whatacart/protected/common/modules/catalog/modules/productCategories/widgets/ToolbarWidget.php</file>
            <file>file:/C:/wamp64/www/whatacart/protected/common/modules/catalog/modules/productCategories/db/ProductCategoryTableBuilder.php</file>
            <file>file:/C:/wamp64/www/whatacart/protected/common/modules/catalog/modules/products/models/ProductAttributeGroup.php</file>
            <file>file:/C:/wamp64/www/whatacart/protected/common/modules/extension/controllers/DefaultController.php</file>
            <file>file:/C:/wamp64/www/whatacart/protected/common/config/bootstrap.php</file>
            <file>file:/C:/wamp64/www/whatacart/protected/common/models/BillingAddress.php</file>
            <file>file:/C:/wamp64/www/whatacart/protected/common/modules/customer/dto/CustomerDetailViewDTO.php</file>
            <file>file:/C:/wamp64/www/whatacart/protected/common/modules/marketing/models/SendMailForm.php</file>
            <file>file:/C:/wamp64/www/whatacart/protected/common/modules/customer/views/index.php</file>
            <file>file:/C:/wamp64/www/whatacart/protected/common/modules/marketing/modules/newsletter/models/Newsletter.php</file>
            <file>file:/C:/wamp64/www/whatacart/protected/common/modules/customer/views/_tabform.php</file>
            <file>file:/C:/wamp64/www/whatacart/protected/common/modules/catalog/modules/products/views/_discountedit.php</file>
            <file>file:/C:/wamp64/www/whatacart/protected/common/modules/manufacturer/views/update.php</file>
            <file>file:/C:/wamp64/www/whatacart/protected/common/modules/catalog/modules/products/widgets/FileDownload.php</file>
            <file>file:/C:/wamp64/www/whatacart/protected/common/modules/catalog/modules/products/views/productoption/create.php</file>
            <file>file:/C:/wamp64/www/whatacart/protected/common/modules/cms/views/view.php</file>
            <file>file:/C:/wamp64/www/whatacart/protected/common/modules/catalog/modules/products/grid/front/CompareActionColumn.php</file>
            <file>file:/C:/wamp64/www/whatacart/protected/backend/views/site/_topnav.php</file>
            <file>file:/C:/wamp64/www/whatacart/protected/common/modules/cart/dto/CheckoutDTO.php</file>
            <file>file:/C:/wamp64/www/whatacart/protected/common/modules/dataCategories/views/index.php</file>
            <file>file:/C:/wamp64/www/whatacart/protected/backend/views/site/dashboard.php</file>
            <file>file:/C:/wamp64/www/whatacart/protected/common/modules/marketing/modules/newsletter/views/front/unsubscribenewsletter.php</file>
            <file>file:/C:/wamp64/www/whatacart/protected/common/modules/catalog/modules/products/views/_latestproductsgrid.php</file>
            <file>file:/C:/wamp64/www/whatacart/protected/common/modules/localization/modules/tax/views/taxrule/_bulkedit.php</file>
            <file>file:/C:/wamp64/www/whatacart/protected/common/modules/order/business/Manager.php</file>
            <file>file:/C:/wamp64/www/whatacart/protected/common/modules/cms/db/TableManager.php</file>
            <file>file:/C:/wamp64/www/whatacart/protected/common/modules/cart/models/ConfirmOrderForm.php</file>
            <file>file:/C:/wamp64/www/whatacart/protected/common/modules/localization/modules/tax/views/producttaxclass/_form.php</file>
            <file>file:/C:/wamp64/www/whatacart/protected/common/modules/customer/models/CustomerSearchForm.php</file>
            <file>file:/C:/wamp64/www/whatacart/protected/common/modules/cms/config/main.php</file>
            <file>file:/C:/wamp64/www/whatacart/protected/common/modules/customer/views/front/_tabform.php</file>
            <file>file:/C:/wamp64/www/whatacart/protected/backend/web/BeforeActionBehavior.php</file>
            <file>file:/C:/wamp64/www/whatacart/protected/common/modules/catalog/modules/productCategories/controllers/SiteController.php</file>
            <file>file:/C:/wamp64/www/whatacart/protected/common/modules/localization/modules/state/views/create.php</file>
            <file>file:/C:/wamp64/www/whatacart/protected/common/modules/cms/views/update.php</file>
            <file>file:/C:/wamp64/www/whatacart/protected/common/modules/order/models/OrderProduct.php</file>
            <file>file:/C:/wamp64/www/whatacart/protected/common/modules/catalog/modules/productCategories/utils/ProductCategoryUtil.php</file>
            <file>file:/C:/wamp64/www/whatacart/protected/common/modules/customer/notifications/ForgotPasswordEmailNotification.php</file>
            <file>file:/C:/wamp64/www/whatacart/protected/common/modules/localization/modules/state/views/index.php</file>
            <file>file:/C:/wamp64/www/whatacart/protected/common/modules/localization/modules/weightclass/views/_form.php</file>
            <file>file:/C:/wamp64/www/whatacart/protected/common/modules/catalog/modules/productCategories/business/SiteManager.php</file>
            <file>file:/C:/wamp64/www/whatacart/protected/common/modules/cms/db/PageTableBuilder.php</file>
            <file>file:/C:/wamp64/www/whatacart/protected/common/modules/cart/controllers/CheckoutController.php</file>
            <file>file:/C:/wamp64/www/whatacart/protected/common/modules/catalog/modules/products/widgets/TopNavCompareProducts.php</file>
            <file>file:/C:/wamp64/www/whatacart/protected/common/modules/order/grid/OrderActionColumn.php</file>
            <file>file:/C:/wamp64/www/whatacart/protected/common/modules/cart/models/Checkout.php</file>
            <file>file:/C:/wamp64/www/whatacart/protected/common/modules/cms/widgets/ActionToolbar.php</file>
            <file>file:/C:/wamp64/www/whatacart/protected/common/modules/customer/views/groups/_bulkedit.php</file>
            <file>file:/C:/wamp64/www/whatacart/protected/common/business/Manager.php</file>
            <file>file:/C:/wamp64/www/whatacart/protected/common/modules/catalog/modules/productCategories/dao/ProductCategoryDAO.php</file>
            <file>file:/C:/wamp64/www/whatacart/protected/common/modules/customer/views/front/editprofile.php</file>
            <file>file:/C:/wamp64/www/whatacart/protected/common/modules/cart/models/ItemCollection.php</file>
            <file>file:/C:/wamp64/www/whatacart/protected/common/modules/cms/db/CmsDataManager.php</file>
            <file>file:/C:/wamp64/www/whatacart/protected/common/modules/catalog/modules/products/models/ProductOptionValue.php</file>
            <file>file:/C:/wamp64/www/whatacart/protected/common/modules/catalog/modules/products/views/productoption/_form.php</file>
            <file>file:/C:/wamp64/www/whatacart/protected/common/modules/marketing/utils/MarketingUtil.php</file>
            <file>file:/C:/wamp64/www/whatacart/protected/common/modules/catalog/modules/products/views/_manageOptionValues.php</file>
            <file>file:/C:/wamp64/www/whatacart/protected/common/modules/localization/modules/tax/behaviors/TaxRuleBehavior.php</file>
            <file>file:/C:/wamp64/www/whatacart/protected/common/modules/customer/views/front/_customeredit.php</file>
            <file>file:/C:/wamp64/www/whatacart/protected/common/modules/localization/modules/orderstatus/views/index.php</file>
            <file>file:/C:/wamp64/www/whatacart/protected/common/modules/customer/views/groups/index.php</file>
            <file>file:/C:/wamp64/www/whatacart/protected/common/modules/customer/config/init.php</file>
            <file>file:/C:/wamp64/www/whatacart/protected/common/modules/localization/modules/orderstatus/widgets/StatusLabel.php</file>
            <file>file:/C:/wamp64/www/whatacart/protected/common/modules/catalog/modules/products/views/front/_reviewsummary.php</file>
            <file>file:/C:/wamp64/www/whatacart/protected/common/modules/localization/modules/country/views/create.php</file>
            <file>file:/C:/wamp64/www/whatacart/protected/common/modules/localization/modules/tax/views/zone/view.php</file>
            <file>file:/C:/wamp64/www/whatacart/protected/common/modules/catalog/modules/products/views/_productImageDummy.php</file>
            <file>file:/C:/wamp64/www/whatacart/protected/common/modules/localization/modules/weightclass/models/WeightClass.php</file>
            <file>file:/C:/wamp64/www/whatacart/protected/common/modules/extension/config/menu.php</file>
            <file>file:/C:/wamp64/www/whatacart/protected/common/modules/cart/utils/CartScriptUtil.php</file>
            <file>file:/C:/wamp64/www/whatacart/protected/common/modules/extension/models/Extension.php</file>
            <file>file:/C:/wamp64/www/whatacart/protected/common/modules/cart/events/CartEvent.php</file>
            <file>file:/C:/wamp64/www/whatacart/protected/common/modules/cms/config/init.php</file>
            <file>file:/C:/wamp64/www/whatacart/protected/common/modules/catalog/modules/products/views/index.php</file>
            <file>file:/C:/wamp64/www/whatacart/protected/common/modules/cart/views/_cartdetails.php</file>
            <file>file:/C:/wamp64/www/whatacart/protected/common/modules/catalog/modules/products/views/productattribute/create.php</file>
            <file>file:/C:/wamp64/www/whatacart/protected/common/modules/catalog/modules/productCategories/views/_bulkedit.php</file>
            <file>file:/C:/wamp64/www/whatacart/protected/common/modules/marketing/modules/newsletter/notifications/CustomerNewsletterNotification.php</file>
            <file>file:/C:/wamp64/www/whatacart/protected/backend/config/menu.php</file>
            <file>file:/C:/wamp64/www/whatacart/protected/common/modules/catalog/modules/products/web/ProductView.php</file>
            <file>file:/C:/wamp64/www/whatacart/protected/common/modules/catalog/modules/products/views/attributegroup/_form.php</file>
            <file>file:/C:/wamp64/www/whatacart/protected/common/modules/cms/models/PageSearch.php</file>
            <file>file:/C:/wamp64/www/whatacart/protected/common/modules/marketing/modules/newsletter/views/view.php</file>
            <file>file:/C:/wamp64/www/whatacart/protected/common/config/main-local.php</file>
            <file>file:/C:/wamp64/www/whatacart/protected/common/modules/catalog/modules/products/views/productreview/index.php</file>
            <file>file:/C:/wamp64/www/whatacart/protected/common/modules/catalog/modules/products/views/productdownloads/index.php</file>
            <file>file:/C:/wamp64/www/whatacart/protected/common/modules/catalog/modules/products/grid/ProductReviewActionColumn.php</file>
            <file>file:/C:/wamp64/www/whatacart/protected/common/modules/catalog/modules/products/views/_productSpecialDummy.php</file>
            <file>file:/C:/wamp64/www/whatacart/protected/common/modules/cart/models/Item.php</file>
            <file>file:/C:/wamp64/www/whatacart/protected/common/modules/localization/modules/city/views/create.php</file>
            <file>file:/C:/wamp64/www/whatacart/protected/common/modules/catalog/modules/products/config/menu.php</file>
        </group>
    </open-files>
</project-private>
